Type,Value
3,294.32549925839936
0,306.7099300824752
1,316.7932728146583
9,291.68146927692595
6,302.75696574193273
7,280.6029945361827
8,274.5970828385255
5,302.4264220421208
4,320.753814015207
2,286.0854868555854
